﻿Phone,Name,Param1,Param2,Param3,Param4,Param5,Param6,Param7,Param8,Param9,Param10,Param11,Param12,Param13,Param14,Param15,Param16,Param17,Param18,Param19,Param20
84905870938,Name1,Param1,Param2,Param3,,,,,,,,,,,,,,,,,
84933313929,Name2,Param1,Param2,Param3,,,,,,,,,,,,,,,,,
84944313929,Name3,Param1,Param2,Param3,,,,,,,,,,,,,,,,,
84358313929,Name4,Param1,Param2,Param3,,,,,,,,,,,,,,,,,
84377072650,Name5,Param1,Param2,Param3,,,,,,,,,,,,,,,,,
84582052411,Name6,Param1,Param2,Param3,,,,,,,,,,,,,,,,,
84969882728,Name7,Param1,Param2,Param3,,,,,,,,,,,,,,,,,
